--INSERCCION DATOS TABLA CLIENTE--
INSERT INTO CLIENTE VALUES ('111111111', 'Pedro Gómez', 123456789, 'Calle Principal 456');
INSERT INTO CLIENTE VALUES ('222222222', 'Ana Torres', 987654321, 'Avenida Secundaria 789');
INSERT INTO CLIENTE VALUES ('333333333', 'Antonio Sanchez', 658345872, 'Avenida de los descubrimientos 789');
INSERT INTO CLIENTE VALUES ('123456789', 'Juan Pérez', 123456789, 'Calle Moreria 23');
INSERT INTO CLIENTE VALUES ('987654321', 'María López', 987654321, 'Avenida Estaciones 4');
INSERT INTO CLIENTE VALUES ('223456789', 'Juan Pérez', 123456789, 'Calle Norte 15');
INSERT INTO CLIENTE VALUES ('555555555', 'Laura Martínez', 987654321, 'Calle Real 7');
INSERT INTO CLIENTE VALUES ('666634666', 'Carlos Rodríguez', 123456789, 'Avenida Lagunas 12');
INSERT INTO CLIENTE VALUES ('111751112', 'Laura Sánchez', 123456780, 'Calle Estrella 1');
INSERT INTO CLIENTE VALUES ('111111113', 'Pedro Hernández', 987654322, 'Avenida Esperanza 4');
INSERT INTO CLIENTE VALUES ('111111114', 'María Torres', 555555555, 'Calle Toledo 83');
INSERT INTO CLIENTE VALUES ('111111115', 'Andrés López', 888888888, 'Avenida Secundaria 012');

--TABLA VENTAS--
INSERT INTO VENTA VALUES ('V001', TO_DATE('2023-05-14', 'YYYY-MM-DD'), '111111111', 500.00);
INSERT INTO VENTA VALUES ('V002', TO_DATE('2023-05-15', 'YYYY-MM-DD'), '222222222', 750.00);
INSERT INTO VENTA VALUES ('V003', TO_DATE('2023-05-16', 'YYYY-MM-DD'), '333333333', 1000.00);
INSERT INTO VENTA VALUES ('V004', TO_DATE('2023-05-17', 'YYYY-MM-DD'), '123456789', 800.00);
INSERT INTO VENTA VALUES ('V005', TO_DATE('2023-05-18', 'YYYY-MM-DD'), '987654321', 1200.00);
INSERT INTO VENTA VALUES ('V006', TO_DATE('2023-05-19', 'YYYY-MM-DD'), '223456789', 900.00);
INSERT INTO VENTA VALUES ('V007', TO_DATE('2023-05-20', 'YYYY-MM-DD'), '555555555', 1500.00);
INSERT INTO VENTA VALUES ('V008', TO_DATE('2023-05-21', 'YYYY-MM-DD'), '666634666', 800.00);
INSERT INTO VENTA VALUES ('V009', TO_DATE('2023-05-22', 'YYYY-MM-DD'), '111751112', 1100.00);
INSERT INTO VENTA VALUES ('V010', TO_DATE('2023-05-23', 'YYYY-MM-DD'), '111111113', 950.00);
INSERT INTO VENTA VALUES ('V011', TO_DATE('2023-05-24', 'YYYY-MM-DD'), '111111114', 1300.00);
INSERT INTO VENTA VALUES ('V012', TO_DATE('2023-05-25', 'YYYY-MM-DD'), '111111115', 750.00);

--TABLA FACTURACION--

INSERT INTO FACTURACION
VALUES ('F001', TO_DATE('2023-05-14', 'YYYY-MM-DD'), 500.00, 'V001', '111111111');

INSERT INTO FACTURACION
VALUES ('F002', TO_DATE('2023-05-15', 'YYYY-MM-DD'), 750.00, 'V002', '222222222');

INSERT INTO FACTURACION VALUES ('F005', TO_DATE('2023-05-16', 'YYYY-MM-DD'), 1200.00, 'V005', '333333333');
INSERT INTO FACTURACION VALUES ('F006', TO_DATE('2023-05-17', 'YYYY-MM-DD'), 900.00, 'V006', '123456789');
INSERT INTO FACTURACION VALUES ('F007', TO_DATE('2023-05-18', 'YYYY-MM-DD'), 1500.00, 'V007', '987654321');
INSERT INTO FACTURACION VALUES ('F008', TO_DATE('2023-05-19', 'YYYY-MM-DD'), 800.00, 'V008', '223456789');
INSERT INTO FACTURACION VALUES ('F009', TO_DATE('2023-05-20', 'YYYY-MM-DD'), 1100.00, 'V009', '555555555');
INSERT INTO FACTURACION VALUES ('F010', TO_DATE('2023-05-21', 'YYYY-MM-DD'), 950.00, 'V010', '666634666');
INSERT INTO FACTURACION VALUES ('F011', TO_DATE('2023-05-22', 'YYYY-MM-DD'), 1300.00, 'V011', '111751112');
INSERT INTO FACTURACION VALUES ('F012', TO_DATE('2023-05-23', 'YYYY-MM-DD'), 2230.00, 'V012', '111111113');
INSERT INTO FACTURACION VALUES ('F013', TO_DATE('2023-05-24', 'YYYY-MM-DD'), 678.00, 'V012', '111111114');
INSERT INTO FACTURACION VALUES ('F014', TO_DATE('2023-05-25', 'YYYY-MM-DD'), 5235.00, 'V012', '111111115');

--TABLA PROVEEDORES--

INSERT INTO PROVEEDORES VALUES ('333333333', 'Proveedor X', 123456789, 'proveedorx@example.com');
INSERT INTO PROVEEDORESVALUES ('444444444', 'Proveedor Y', 987654321, 'proveedory@example.com');
INSERT INTO PROVEEDORES VALUES ('111111111', 'Proveedor 1', 123456789, 'proveedor1@example.com');
INSERT INTO PROVEEDORES VALUES ('222222222', 'Proveedor 2', 987654321, 'proveedor2@example.com');

--TABLA PRODUCTOS---

INSERT INTO PRODUCTOS VALUES ('P001', 'Producto A', 'Categoría A', 'Producto A', '333333333');
INSERT INTO PRODUCTOS VALUES ('P002', 'Producto B', 'Categoría B', 'Producto B', '444444444');
INSERT INTO PRODUCTOS VALUES ('P003', 'Producto C', 'Categoría A', 'Nombre 1', '111111111');
INSERT INTO PRODUCTOS VALUES ('P004', 'Producto D', 'Categoría B', 'Nombre 2', '222222222');
INSERT INTO PRODUCTOS VALUES ('P005', 'Producto E', 'Categoría A', 'Nombre 3', '333333333');
INSERT INTO PRODUCTOS VALUES ('P006', 'Producto 4', 'Categoría A', 'Nombre 4', '111111111');
INSERT INTO PRODUCTOS VALUES ('P007', 'Producto 5', 'Categoría B', 'Nombre 5', '222222222');

--TABLA COMPRAS--

INSERT INTO COMPRAS VALUES ('C002', 'P002', '444444444', '5', TO_DATE('2023-05-15', 'YYYY-MM-DD'), '85.00');
INSERT INTO COMPRAS VALUES ('C003', 'P003', '111111111', '10', TO_DATE('2023-05-18', 'YYYY-MM-DD'), '50.00');
INSERT INTO COMPRAS VALUES ('C003', 'P003', '111111111', '10', TO_DATE('2023-05-18', 'YYYY-MM-DD'), '50.00');
INSERT INTO COMPRAS VALUES ('C004', 'P004', '222222222', '5', TO_DATE('2023-05-19', 'YYYY-MM-DD'), '30.00');
INSERT INTO COMPRAS VALUES ('C005', 'P005', '333333333', '8', TO_DATE('2023-05-20', 'YYYY-MM-DD'), '45.00');
INSERT INTO COMPRAS VALUES ('C006', 'P006', '111111111', '12', TO_DATE('2023-05-21', 'YYYY-MM-DD'), '55.00');
